data,ano,mes,mes_nome,ipca_variacao_mensal_%,acumulado_no_ano_%,acumulado_12_meses_%,fator_acumulado_desde_jan1980
01/01/1980,1980,1,January,6.62,6.62,,1.0662
01/02/1980,1980,2,February,4.62,11.5458,,1.115458
01/03/1980,1980,3,March,6.04,18.2832,,1.182832
01/04/1980,1980,4,April,5.29,24.5404,,1.245404
01/05/1980,1980,5,May,5.7,31.6392,,1.316392
01/06/1980,1980,6,June,5.31,38.6292,,1.386292
01/07/1980,1980,7,July,5.55,46.3232,,1.463232
01/08/1980,1980,8,August,4.95,53.5662,,1.535662
01/09/1980,1980,9,September,4.23,60.062,,1.60062
01/10/1980,1980,10,October,9.48,75.2359,,1.752359
01/11/1980,1980,11,November,6.67,86.9241,,1.869241
01/12/1980,1980,12,December,6.61,99.2798,99.2798,1.992798
01/01/1981,1981,1,January,6.84,6.84,99.691,2.129105
01/02/1981,1981,2,February,6.4,13.6778,103.0885,2.265368
01/03/1981,1981,3,March,4.97,19.3275,101.0393,2.377957
01/04/1981,1981,4,April,6.46,27.0361,103.2732,2.531573
01/05/1981,1981,5,May,5.56,34.0993,103.004,2.672328
01/06/1981,1981,6,June,5.52,41.5016,103.4088,2.819841
01/07/1981,1981,7,July,6.26,50.3596,104.7771,2.996363
01/08/1981,1981,8,August,5.5,58.6294,105.8502,3.161163
01/09/1981,1981,9,September,5.26,66.9733,107.8844,3.32744
01/10/1981,1981,10,October,5.08,75.4555,99.5296,3.496474
01/11/1981,1981,11,November,5.27,84.702,96.9108,3.680738
01/12/1981,1981,12,December,5.93,95.6549,95.6549,3.899006
01/01/1982,1982,1,January,6.97,6.97,95.8929,4.170767
01/02/1982,1982,2,February,6.64,14.0728,96.3348,4.447706
01/03/1982,1982,3,March,5.71,20.5864,97.7189,4.70167
01/04/1982,1982,4,April,5.89,27.6889,96.6603,4.978598
01/05/1982,1982,5,May,6.66,36.193,98.7096,5.310173
01/06/1982,1982,6,June,7.1,45.8627,101.685,5.687195
01/07/1982,1982,7,July,6.36,55.1396,101.8748,6.048901
01/08/1982,1982,8,August,5.97,64.4014,102.7741,6.41002
01/09/1982,1982,9,September,5.08,72.753,102.4274,6.735649
01/10/1982,1982,10,October,4.44,80.4232,101.1944,7.034712
01/11/1982,1982,11,November,5.29,89.9676,101.2327,7.406848
01/12/1982,1982,12,December,7.81,104.8041,104.8041,7.985323
01/01/1983,1983,1,January,8.64,8.64,108.0014,8.675255
01/02/1983,1983,2,February,7.86,17.1791,110.381,9.35713
01/03/1983,1983,3,March,7.34,25.7801,113.625,10.043943
01/04/1983,1983,4,April,6.58,34.0564,115.017,10.704834
01/05/1983,1983,5,May,6.48,42.7432,114.6542,11.398508
01/06/1983,1983,6,June,9.88,56.8463,120.226,12.52468
01/07/1983,1983,7,July,10.08,72.6564,127.9285,13.787168
01/08/1983,1983,8,August,9.11,88.3854,134.6823,15.043179
01/09/1983,1983,9,September,10.3,107.7891,146.3404,16.592627
01/10/1983,1983,10,October,8.87,126.2199,156.7894,18.064393
01/11/1983,1983,11,November,7.38,142.915,161.8866,19.397545
01/12/1983,1983,12,December,8.68,164.0,164.0,21.081252
01/01/1984,1984,1,January,9.67,9.67,166.5029,23.119809
01/02/1984,1984,2,February,9.5,20.0886,170.5551,25.31619
01/03/1984,1984,3,March,8.94,30.8246,174.588,27.579458
01/04/1984,1984,4,April,9.54,43.3052,182.214,30.210538
01/05/1984,1984,5,May,9.05,56.2744,189.0255,32.944592
01/06/1984,1984,6,June,10.08,72.0268,189.5516,36.265407
01/07/1984,1984,7,July,9.72,88.7478,188.6046,39.790404
01/08/1984,1984,8,August,9.35,106.3957,189.2394,43.510807
01/09/1984,1984,9,September,11.75,130.6472,193.0418,48.623327
01/10/1984,1984,10,October,10.44,154.7268,197.2677,53.699602
01/11/1984,1984,11,November,10.53,181.5496,205.9881,59.35417
01/12/1984,1984,12,December,11.98,215.2792,215.2792,66.4648
01/01/1985,1985,1,January,11.76,11.76,221.2875,74.28106
01/02/1985,1985,2,February,10.87,23.9083,225.3073,82.355412
01/03/1985,1985,3,March,10.16,36.4974,228.9503,90.722721
01/04/1985,1985,4,April,8.2,47.6902,224.9263,98.161984
01/05/1985,1985,5,May,7.2,58.3239,219.414,105.229647
01/06/1985,1985,6,June,8.49,71.7656,214.8004,114.163644
01/07/1985,1985,7,July,10.31,89.4746,216.4932,125.933916
01/08/1985,1985,8,August,12.05,112.3063,224.3078,141.108953
01/09/1985,1985,9,September,11.12,135.9148,222.4795,156.800269
01/10/1985,1985,10,October,10.62,160.9689,223.0051,173.452457
01/11/1985,1985,11,November,13.97,197.4263,233.0579,197.683765
01/12/1985,1985,12,December,15.07,242.2484,242.2484,227.474709
01/01/1986,1986,1,January,14.37,14.37,250.2411,260.162825
01/02/1986,1986,2,February,12.72,28.9179,256.0853,293.255536
01/03/1986,1986,3,March,4.77,35.0672,238.6625,307.243825
01/04/1986,1986,4,April,0.78,36.1208,215.4381,309.640327
01/05/1986,1986,5,May,1.4,38.0265,198.3715,313.975291
01/06/1986,1986,6,June,1.27,39.7794,178.5149,317.962777
01/07/1986,1986,7,July,1.71,42.1696,156.8013,323.399941
01/08/1986,1986,8,August,3.55,47.2166,137.3206,334.880639
01/09/1986,1986,9,September,1.72,49.7488,117.2449,340.640586
01/10/1986,1986,10,October,1.9,52.594,100.1198,347.112757
01/11/1986,1986,11,November,5.45,60.9104,85.1596,366.030402
01/12/1986,1986,12,December,11.65,79.6564,79.6564,408.672944
01/01/1987,1987,1,January,13.21,13.21,77.8343,462.65864
01/02/1987,1987,2,February,12.64,27.5197,77.708,521.138692
01/03/1987,1987,3,March,16.37,48.3947,97.3837,606.449096
01/04/1987,1987,4,April,19.1,76.7381,133.2645,722.280873
01/05/1987,1987,5,May,21.45,114.6484,179.3883,877.210121
01/06/1987,1987,6,June,19.71,156.9557,230.2614,1050.108236
01/07/1987,1987,7,July,9.21,180.6213,254.6145,1146.823204
01/08/1987,1987,8,August,4.87,194.2875,259.135,1202.673494
01/09/1987,1987,9,September,7.78,217.1831,280.5305,1296.241492
01/10/1987,1987,10,October,11.22,252.771,315.3347,1441.679787
01/11/1987,1987,11,November,15.08,305.9689,353.2643,1659.085099
01/12/1987,1987,12,December,14.15,363.4135,363.4135,1893.845641
01/01/1988,1988,1,January,18.89,18.89,386.664,2251.593082
01/02/1988,1988,2,February,15.7,37.5557,399.8848,2605.093196
01/03/1988,1988,3,March,17.6,61.7655,405.1685,3063.589599
01/04/1988,1988,4,April,19.29,92.9701,405.9744,3654.556032
01/05/1988,1988,5,May,17.42,126.5855,389.1849,4291.179693
01/06/1988,1988,6,June,22.0,176.4343,398.5428,5235.239226
01/07/1988,1988,7,July,21.91,237.0011,456.5182,6382.28014
01/08/1988,1988,8,August,21.59,309.7596,545.247,7760.214422
01/09/1988,1988,9,September,27.45,422.2386,663.0055,9890.393281
01/10/1988,1988,10,October,25.62,556.0362,761.7941,12424.31204
01/11/1988,1988,11,November,27.94,739.3327,858.0982,15895.664823
01/12/1988,1988,12,December,28.7,980.2211,980.2211,20457.720628
01/01/1989,1989,1,January,37.49,37.49,1149.2186,28127.320091
01/02/1989,1989,2,February,16.78,60.5608,1160.8794,32847.084402
01/03/1989,1989,3,March,6.82,71.5111,1045.2988,35087.255558
01/04/1989,1989,4,April,8.33,85.7979,940.0723,38010.023947
01/05/1989,1989,5,May,17.92,119.0929,944.5011,44821.420238
01/06/1989,1989,6,June,28.65,181.8631,1001.435,57662.757136
01/07/1989,1989,7,July,27.74,260.0519,1054.108,73658.405965
01/08/1989,1989,8,August,33.71,381.4254,1169.1486,98488.654616
01/09/1989,1989,9,September,37.56,562.2487,1269.8241,135480.99329
01/10/1989,1989,10,October,39.77,825.625,1424.1229,189361.784322
01/11/1989,1989,11,November,47.82,1268.2589,1660.9492,279914.589584
01/12/1989,1989,12,December,51.5,1972.9123,1972.9123,424070.60322
01/01/1990,1990,1,January,67.55,67.55,2426.1216,710530.295695
01/02/1990,1990,2,February,75.73,194.4356,3701.2959,1248614.888625
01/03/1990,1990,3,March,82.39,437.0211,6390.5296,2277348.695363
01/04/1990,1990,4,April,15.52,520.3668,6821.3143,2630793.212883
01/05/1990,1990,5,May,7.59,567.4526,6214.9949,2830470.417741
01/06/1990,1990,6,June,11.75,645.8783,5385.4309,3163050.691825
01/07/1990,1990,7,July,12.92,742.2458,4749.0282,3571716.841209
01/08/1990,1990,8,August,12.88,850.7271,3993.6227,4031753.970357
01/09/1990,1990,9,September,14.41,987.7268,3304.7062,4612729.717485
01/10/1990,1990,10,October,14.36,1143.9244,2685.7351,5275117.704916
01/11/1990,1990,11,November,16.81,1353.0281,2101.3376,6161864.991113
01/12/1990,1990,12,December,18.44,1620.9665,1620.9665,7298112.895474
01/01/1991,1991,1,January,20.75,20.75,1140.2668,8812471.321285
01/02/1991,1991,2,February,20.72,45.7694,752.0173,10638415.379055
01/03/1991,1991,3,March,11.92,63.1451,422.8235,11906514.492238
01/04/1991,1991,4,April,4.99,71.2861,375.1666,12500649.565401
01/05/1991,1991,5,May,7.43,84.0126,374.4599,13429447.82811
01/06/1991,1991,6,June,11.19,104.6036,372.0823,14932203.040076
01/07/1991,1991,7,July,12.41,129.9949,369.9502,16785289.437349
01/08/1991,1991,8,August,15.63,165.9431,381.3992,19408830.176407
01/09/1991,1991,9,September,15.63,207.51,386.5325,22442430.33298
01/10/1991,1991,10,October,20.23,269.7193,411.5058,26982533.989341
01/11/1991,1991,11,November,25.21,362.9256,448.289,33784830.808054
01/12/1991,1991,12,December,23.71,472.6852,472.6852,41795214.192644
01/01/1992,1992,1,January,25.94,25.94,497.3,52636892.754216
01/02/1992,1992,2,February,24.32,56.5686,515.1121,65438185.072041
01/03/1992,1992,3,March,21.4,90.0743,567.2142,79441956.677458
01/04/1992,1992,4,April,19.93,127.9561,662.1583,95274738.643275
01/05/1992,1992,5,May,24.86,184.626,785.8148,118960038.669994
01/06/1992,1992,6,June,20.21,242.1489,857.6742,143001862.485199
01/07/1992,1992,7,July,21.83,316.84,937.9277,174219169.065718
01/08/1992,1992,8,August,22.14,409.1284,996.3633,212791293.096868
01/09/1992,1992,9,September,24.63,534.5267,1081.6982,265201788.586627
01/10/1992,1992,10,October,25.24,694.6812,1130.9397,332138720.025891
01/11/1992,1992,11,November,22.49,873.405,1104.1994,406836718.159714
01/12/1992,1992,12,December,25.24,1119.0925,1119.0925,509522305.823226
01/01/1993,1993,1,January,30.35,30.35,1161.781,664162325.640576
01/02/1993,1993,2,February,24.98,62.9114,1168.4797,830070074.585591
01/03/1993,1993,3,March,27.26,107.3211,1229.7094,1056347176.917624
01/04/1993,1993,4,April,27.75,164.8527,1316.4127,1349483518.512264
01/05/1993,1993,5,May,27.69,238.1904,1348.5163,1723155504.78831
01/06/1993,1993,6,June,30.07,339.8842,1467.3281,2241308365.078155
01/07/1993,1993,7,July,30.72,475.0167,1581.6969,2929838294.830164
01/08/1993,1993,8,August,32.96,664.5422,1730.6731,3895512996.806186
01/09/1993,1993,9,September,35.69,937.4073,1893.132,5285821585.366314
01/10/1993,1993,10,October,33.92,1289.2959,2031.2698,7078772267.122567
01/11/1993,1993,11,November,35.56,1783.3295,2258.6818,9595983685.311352
01/12/1993,1993,12,December,36.84,2477.148,2477.148,13131144074.980055
01/01/1994,1994,1,January,41.31,41.31,2693.838,18555619692.354317
01/02/1994,1994,2,February,40.27,98.2155,3035.635,26027967742.4654
01/03/1994,1994,3,March,42.75,182.9527,3417.3023,37154923952.36936
01/04/1994,1994,4,April,42.68,303.7169,3828.3655,53012645495.24061
01/05/1994,1994,5,May,44.03,481.4734,4331.0634,76354113306.79506
01/06/1994,1994,6,June,47.43,757.2663,4922.4624,112568869248.20795
01/07/1994,1994,7,July,6.84,815.9033,4004.9562,120268579904.78537
01/08/1994,1994,8,August,1.86,832.9391,3044.7867,122505575491.01437
01/09/1994,1994,9,September,1.53,847.2131,2253.0857,124379910796.0269
01/10/1994,1994,10,October,2.62,872.03,1703.1187,127638664458.88281
01/11/1994,1994,11,November,2.81,899.3441,1267.5024,131225310930.17741
01/12/1994,1994,12,December,1.71,916.4329,916.4329,133469263747.08344
01/01/1995,1995,1,January,1.7,1.7,631.5209,135738241230.78384
01/02/1995,1995,2,February,1.02,2.7373,426.8286,137122771291.33784
01/03/1995,1995,3,March,1.55,4.3298,274.7772,139248174246.35358
01/04/1995,1995,4,April,2.43,6.865,169.0526,142631904880.53998
01/05/1995,1995,5,May,2.67,9.7183,91.7908,146440176740.8504
01/06/1995,1995,6,June,2.26,12.1979,33.0294,149749724735.1936
01/07/1995,1995,7,July,2.36,14.8458,27.4513,153283818238.94418
01/08/1995,1995,8,August,0.99,15.9828,26.3627,154801328039.50974
01/09/1995,1995,9,September,0.99,17.131,25.6906,156333861187.1009
01/10/1995,1995,10,October,1.41,18.7825,24.2086,158538168629.83902
01/11/1995,1995,11,November,1.47,20.5286,22.5897,160868679708.69763
01/12/1995,1995,12,December,1.56,22.4089,22.4089,163378231112.15332
01/01/1996,1996,1,January,1.34,1.34,21.9756,165567499409.05618
01/02/1996,1996,2,February,1.03,2.3838,21.9876,167272844652.96945
01/03/1996,1996,3,March,0.35,2.7421,20.5461,167858299609.25485
01/04/1996,1996,4,April,1.26,4.0367,19.1692,169973314184.33145
01/05/1996,1996,5,May,1.22,5.3059,17.4862,172046988617.38028
01/06/1996,1996,6,June,1.19,6.5591,16.2569,174094347781.9271
01/07/1996,1996,7,July,1.11,7.7419,14.8372,176026795042.30652
01/08/1996,1996,8,August,0.44,8.216,14.2118,176801312940.49265
01/09/1996,1996,9,September,0.15,8.3783,13.2618,177066514909.90338
01/10/1996,1996,10,October,0.3,8.7034,12.0221,177597714454.6331
01/11/1996,1996,11,November,0.32,9.0513,10.7525,178166027140.88794
01/12/1996,1996,12,December,0.47,9.5638,9.5638,179003407468.4501
01/01/1997,1997,1,January,1.18,1.18,9.3908,181115647676.57782
01/02/1997,1997,2,February,0.5,1.6859,8.817,182021225914.9607
01/03/1997,1997,3,March,0.51,2.2045,8.9905,182949534167.127
01/04/1997,1997,4,April,0.88,3.1039,8.5815,184559490067.79773
01/05/1997,1997,5,May,0.41,3.5266,7.7125,185316183977.07568
01/06/1997,1997,6,June,0.54,4.0857,7.0206,186316891370.5519
01/07/1997,1997,7,July,0.22,4.3147,6.0786,186726788531.5671
01/08/1997,1997,8,August,-0.02,4.2938,5.5928,186689443173.8608
01/09/1997,1997,9,September,0.06,4.3564,5.4979,186801456839.7651
01/10/1997,1997,10,October,0.23,4.5964,5.4243,187231100190.49655
01/11/1997,1997,11,November,0.17,4.7742,5.2666,187549393060.8204
01/12/1997,1997,12,December,0.43,5.2247,5.2247,188355855450.98193
01/01/1998,1998,1,January,0.71,0.71,4.7359,189693182024.68393
01/02/1998,1998,2,February,0.46,1.1733,4.6943,190565770661.99747
01/03/1998,1998,3,March,0.34,1.5173,4.5172,191213694282.24826
01/04/1998,1998,4,April,0.24,1.7609,3.8541,191672607148.52563
01/05/1998,1998,5,May,0.5,2.2697,3.9472,192630970184.26825
01/06/1998,1998,6,June,0.02,2.2902,3.4096,192669496378.30508
01/07/1998,1998,7,July,-0.12,2.1674,3.0587,192438292982.65112
01/08/1998,1998,8,August,-0.51,1.6464,2.5537,191456857688.4396
01/09/1998,1998,9,September,-0.22,1.4227,2.2667,191035652601.52505
01/10/1998,1998,10,October,0.02,1.443,2.0524,191073859732.04535
01/11/1998,1998,11,November,-0.12,1.3213,1.757,190844571100.3669
01/12/1998,1998,12,December,0.33,1.6556,1.6556,191474358184.99814
01/01/1999,1999,1,January,0.7,0.7,1.6456,192814678692.2931
01/02/1999,1999,2,February,1.05,1.7573,2.2425,194839232818.56216
01/03/1999,1999,3,March,1.1,2.8767,3.0169,196982464379.5663
01/04/1999,1999,4,April,0.56,3.4528,3.3458,198085566180.0919
01/05/1999,1999,5,May,0.3,3.7631,3.1401,198679822878.63214
01/06/1999,1999,6,June,0.19,3.9603,3.3154,199057314542.10153
01/07/1999,1999,7,July,1.09,5.0935,4.567,201227039270.6104
01/08/1999,1999,8,August,0.56,5.682,5.6916,202353910690.52585
01/09/1999,1999,9,September,0.31,6.0096,6.2531,202981207813.6665
01/10/1999,1999,10,October,1.19,7.2711,7.496,205396684186.64914
01/11/1999,1999,11,November,0.95,8.2902,8.6476,207347952686.42233
01/12/1999,1999,12,December,0.6,8.9399,8.9399,208592040402.54086
01/01/2000,2000,1,January,0.62,0.62,8.8534,209885311053.03662
01/02/2000,2000,2,February,0.13,0.7508,7.8623,210158161957.40558
01/03/2000,2000,3,March,0.22,0.9725,6.9235,210620509913.71185
01/04/2000,2000,4,April,0.42,1.3965,6.7746,211505116055.34943
01/05/2000,2000,5,May,0.01,1.4067,6.4659,211526266566.95496
01/06/2000,2000,6,June,0.23,1.6399,6.5084,212012776980.05896
01/07/2000,2000,7,July,1.61,3.2763,7.0563,215426182689.4379
01/08/2000,2000,8,August,1.31,4.6292,7.8547,218248265682.66956
01/09/2000,2000,9,September,0.23,4.8699,7.7687,218750236693.7397
01/10/2000,2000,10,October,0.14,5.0167,6.6504,219056487025.11093
01/11/2000,2000,11,November,0.32,5.3528,5.9849,219757467783.5913
01/12/2000,2000,12,December,0.59,5.9743,5.9743,221054036843.5145
01/01/2001,2001,1,January,0.57,0.57,5.9217,222314044853.52252
01/02/2001,2001,2,February,0.46,1.0326,6.2708,223336689459.84872
01/03/2001,2001,3,March,0.38,1.4165,6.4404,224185368879.79614
01/04/2001,2001,4,April,0.58,2.0048,6.61,225485644019.29898
01/05/2001,2001,5,May,0.41,2.423,7.0364,226410135159.7781
01/06/2001,2001,6,June,0.52,2.9556,7.3461,227587467862.60898
01/07/2001,2001,7,July,1.33,4.3249,7.0503,230614381185.1817
01/08/2001,2001,8,August,0.7,5.0552,6.4057,232228681853.47794
01/09/2001,2001,9,September,0.28,5.3493,6.4588,232878922162.66766
01/10/2001,2001,10,October,0.83,6.2237,7.1924,234811817216.6178
01/11/2001,2001,11,November,0.71,6.9779,7.6091,236478981118.8558
01/12/2001,2001,12,December,0.65,7.6733,7.6733,238016094496.12836
01/01/2002,2002,1,January,0.52,0.52,7.6197,239253778187.50824
01/02/2002,2002,2,February,0.36,0.8819,7.5126,240115091788.98328
01/03/2002,2002,3,March,0.6,1.4872,7.7482,241555782339.71716
01/04/2002,2002,4,April,0.8,2.2991,7.9839,243488228598.4349
01/05/2002,2002,5,May,0.21,2.5139,7.7688,243999553878.4916
01/06/2002,2002,6,June,0.42,2.9444,7.6616,245024352004.78128
01/07/2002,2002,7,July,1.19,4.1695,7.5129,247940141793.63818
01/08/2002,2002,8,August,0.65,4.8466,7.4595,249551752715.2968
01/09/2002,2002,9,September,0.72,5.6015,7.931,251348525334.847
01/10/2002,2002,10,October,1.31,6.9849,8.4448,254641191016.73352
01/11/2002,2002,11,November,3.02,10.2158,10.9322,262331354985.43887
01/12/2002,2002,12,December,2.1,12.5303,12.5303,267840313440.13306
01/01/2003,2003,1,January,2.25,2.25,14.467,273866720492.53604
01/02/2003,2003,2,February,1.57,3.8553,15.8471,278166428004.26886
01/03/2003,2003,3,March,1.23,5.1327,16.5726,281587875068.7214
01/04/2003,2003,4,April,0.97,6.1525,16.7692,284319277456.888
01/05/2003,2003,5,May,0.61,6.8001,17.2353,286053625049.375
01/06/2003,2003,6,June,-0.15,6.6399,16.5699,285624544611.80096
01/07/2003,2003,7,July,0.2,6.8531,15.4294,286195793701.0246
01/08/2003,2003,8,August,0.34,7.2164,15.0739,287168859399.6081
01/09/2003,2003,9,September,0.78,8.0527,15.1424,289408776502.92505
01/10/2003,2003,10,October,0.29,8.3661,13.9832,290248061954.7835
01/11/2003,2003,11,November,0.34,8.7345,11.018,291234905365.4298
01/12/2003,2003,12,December,0.52,9.2999,9.2999,292749326873.3301
01/01/2004,2004,1,January,0.76,0.76,7.7072,294974221757.5674
01/02/2004,2004,2,February,0.61,1.3746,6.6892,296773564510.2885
01/03/2004,2004,3,March,0.47,1.8511,5.8882,298168400263.4869
01/04/2004,2004,4,April,0.37,2.2279,5.259,299271623344.4618
01/05/2004,2004,5,May,0.51,2.7493,5.1544,300797908623.51855
01/06/2004,2004,6,June,0.71,3.4788,6.0601,302933573774.74554
01/07/2004,2004,7,July,0.91,4.4205,6.8116,305690269296.09576
01/08/2004,2004,8,August,0.69,5.141,7.1842,307799532154.2388
01/09/2004,2004,9,September,0.33,5.488,6.7056,308815270610.3478
01/10/2004,2004,10,October,0.44,5.9521,6.8652,310174057801.0333
01/11/2004,2004,11,November,0.69,6.6832,7.2379,312314258799.8604
01/12/2004,2004,12,December,0.86,7.6006,7.6006,315000161425.5392
01/01/2005,2005,1,January,0.58,0.58,7.4084,316827162361.8073
01/02/2005,2005,2,February,0.59,1.1734,7.3871,318696442619.742
01/03/2005,2005,3,March,0.61,1.7906,7.5367,320640490919.7224
01/04/2005,2005,4,April,0.87,2.6762,8.0724,323430063190.724
01/05/2005,2005,5,May,0.49,3.1793,8.0509,325014870500.3585
01/06/2005,2005,6,June,-0.02,3.1586,7.2677,324949867526.2585
01/07/2005,2005,7,July,0.25,3.4165,6.5661,325762242195.0741
01/08/2005,2005,8,August,0.17,3.5923,6.0158,326316038006.8057
01/09/2005,2005,9,September,0.35,3.9549,6.0369,327458144139.8296
01/10/2005,2005,10,October,0.75,4.7346,6.3642,329914080220.87836
01/11/2005,2005,11,November,0.55,5.3106,6.2163,331728607662.0932
01/12/2005,2005,12,December,0.36,5.6897,5.6897,332922830649.67676
01/01/2006,2006,1,January,0.59,0.59,5.7002,334887075350.5098
01/02/2006,2006,2,February,0.41,1.0024,5.5111,336260112359.4469
01/03/2006,2006,3,March,0.43,1.4367,5.3223,337706030842.5925
01/04/2006,2006,4,April,0.21,1.6497,4.6332,338415213507.362
01/05/2006,2006,5,May,0.1,1.7514,4.2271,338753628720.8693
01/06/2006,2006,6,June,-0.21,1.5377,4.029,338042246100.5555
01/07/2006,2006,7,July,0.19,1.7306,3.9668,338684526368.14655
01/08/2006,2006,8,August,0.05,1.7815,3.8422,338853868631.3306
01/09/2006,2006,9,September,0.21,1.9952,3.6974,339565461755.4564
01/10/2006,2006,10,October,0.33,2.3318,3.2651,340686027779.24945
01/11/2006,2006,11,November,0.31,2.6491,3.0186,341742154465.3652
01/12/2006,2006,12,December,0.48,3.1418,3.1418,343382516806.7989
01/01/2007,2007,1,January,0.44,0.44,2.988,344893399880.7488
01/02/2007,2007,2,February,0.44,0.8819,3.0187,346410930840.22406
01/03/2007,2007,3,March,0.37,1.2552,2.9572,347692651284.3329
01/04/2007,2007,4,April,0.25,1.5083,2.9983,348561882912.5437
01/05/2007,2007,5,May,0.28,1.7926,3.1835,349537856184.6988
01/06/2007,2007,6,June,0.28,2.0776,3.6902,350516562182.0159
01/07/2007,2007,7,July,0.24,2.3226,3.7419,351357801931.25275
01/08/2007,2007,8,August,0.47,2.8035,4.1774,353009183600.3296
01/09/2007,2007,9,September,0.18,2.9885,4.1462,353644600130.8102
01/10/2007,2007,10,October,0.3,3.2975,4.1151,354705533931.2026
01/11/2007,2007,11,November,0.38,3.69,4.1877,356053414960.1412
01/12/2007,2007,12,December,0.74,4.4573,4.4573,358688210230.84625
01/01/2008,2008,1,January,0.54,0.54,4.5613,360625126566.09283
01/02/2008,2008,2,February,0.49,1.0326,4.6134,362392189686.26666
01/03/2008,2008,3,March,0.48,1.5176,4.728,364131672196.76074
01/04/2008,2008,4,April,0.55,2.0759,5.0414,366134396393.84296
01/05/2008,2008,5,May,0.79,2.8823,5.5756,369026858125.3543
01/06/2008,2008,6,June,0.74,3.6437,6.0599,371757656875.48193
01/07/2008,2008,7,July,0.53,4.193,6.3668,373727972456.922
01/08/2008,2008,8,August,0.28,4.4847,6.1656,374774410779.80133
01/09/2008,2008,9,September,0.26,4.7564,6.2504,375748824247.8288
01/10/2008,2008,10,October,0.45,5.2278,6.4093,377439693956.94403
01/11/2008,2008,11,November,0.36,5.6066,6.3881,378798476855.189
01/12/2008,2008,12,December,0.28,5.9023,5.9023,379859112590.38354
01/01/2009,2009,1,January,0.48,0.48,5.8391,381682436330.8174
01/02/2009,2009,2,February,0.55,1.0326,5.9023,383781689730.6369
01/03/2009,2009,3,March,0.2,1.2347,5.6072,384549253110.0982
01/04/2009,2009,4,April,0.48,1.7206,5.5337,386395089525.0267
01/05/2009,2009,5,May,0.47,2.1987,5.1986,388211146445.79425
01/06/2009,2009,6,June,0.36,2.5666,4.8018,389608706572.99915
01/07/2009,2009,7,July,0.24,2.8128,4.4995,390543767468.77435
01/08/2009,2009,8,August,0.15,2.967,4.364,391129583119.97754
01/09/2009,2009,9,September,0.24,3.2141,4.3432,392068294119.46545
01/10/2009,2009,10,October,0.28,3.5031,4.1666,393166085342.99994
01/11/2009,2009,11,November,0.41,3.9275,4.2185,394778066292.90625
01/12/2009,2009,12,December,0.37,4.312,4.312,396238745138.19
01/01/2010,2010,1,January,0.75,0.75,4.5923,399210535726.72644
01/02/2010,2010,2,February,0.78,1.5359,4.8316,402324377905.3949
01/03/2010,2010,3,March,0.52,2.0638,5.1664,404416464670.503
01/04/2010,2010,4,April,0.57,2.6456,5.2606,406721638519.1249
01/05/2010,2010,5,May,0.43,3.087,5.2187,408470541564.7571
01/06/2010,2010,6,June,0.0,3.087,4.8412,408470541564.7571
01/07/2010,2010,7,July,0.01,3.0973,4.6007,408511388618.9136
01/08/2010,2010,8,August,0.04,3.1385,4.4858,408674793174.36115
01/09/2010,2010,9,September,0.45,3.6026,4.7047,410513829743.64575
01/10/2010,2010,10,October,0.75,4.3797,5.1954,413592683466.72314
01/11/2010,2010,11,November,0.83,5.246,5.6354,417025502739.49695
01/12/2010,2010,12,December,0.63,5.9091,5.9091,419652763406.75574
01/01/2011,2011,1,January,0.83,0.83,5.9932,423135881343.0318
01/02/2011,2011,2,February,0.8,1.6366,6.0142,426520968393.77606
01/03/2011,2011,3,March,0.79,2.4396,6.299,429890484044.0869
01/04/2011,2011,4,April,0.77,3.2284,6.5104,433200640771.2264
01/05/2011,2011,5,May,0.47,3.7135,6.5528,435236683782.85114
01/06/2011,2011,6,June,0.15,3.8691,6.7126,435889538808.52545
01/07/2011,2011,7,July,0.16,4.0353,6.8727,436586962070.61914
01/08/2011,2011,8,August,0.37,4.4202,7.2252,438202333830.28046
01/09/2011,2011,9,September,0.53,4.9736,7.3106,440524806199.581
01/10/2011,2011,10,October,0.43,5.425,6.9698,442419062866.2392
01/11/2011,2011,11,November,0.52,5.9732,6.6409,444719641993.1437
01/12/2011,2011,12,December,0.5,6.5031,6.5031,446943240203.1094
01/01/2012,2012,1,January,0.56,0.56,6.2179,449446122348.2468
01/02/2012,2012,2,February,0.45,1.0125,5.8491,451468629898.8139
01/03/2012,2012,3,March,0.21,1.2246,5.24,452416714021.6014
01/04/2012,2012,4,April,0.64,1.8725,5.1042,455312180991.3396
01/05/2012,2012,5,May,0.36,2.2392,4.9892,456951304842.90845
01/06/2012,2012,6,June,0.08,2.321,4.9158,457316865886.7827
01/07/2012,2012,7,July,0.43,2.761,5.1986,459283328410.0959
01/08/2012,2012,8,August,0.41,3.1823,5.2405,461166390056.5773
01/09/2012,2012,9,September,0.57,3.7705,5.2824,463795038479.8998
01/10/2012,2012,10,October,0.59,4.3827,5.4501,466531429206.9312
01/11/2012,2012,11,November,0.6,5.009,5.534,469330617782.1728
01/12/2012,2012,12,December,0.79,5.8386,5.8386,473038329662.652
01/01/2013,2013,1,January,0.86,0.86,6.1543,477106459297.75073
01/02/2013,2013,2,February,0.6,1.4652,6.3128,479969098053.53723
01/03/2013,2013,3,March,0.47,1.942,6.5887,482224952814.3888
01/04/2013,2013,4,April,0.55,2.5027,6.4933,484877190054.868
01/05/2013,2013,5,May,0.37,2.882,6.504,486671235658.071
01/06/2013,2013,6,June,0.26,3.1495,6.6955,487936580870.7819
01/07/2013,2013,7,July,0.03,3.1804,6.2706,488082961845.04315
01/08/2013,2013,8,August,0.24,3.4281,6.0906,489254360953.47125
01/09/2013,2013,9,September,0.35,3.7901,5.8586,490966751216.8084
01/10/2013,2013,10,October,0.57,4.3817,5.8375,493765261698.74426
01/11/2013,2013,11,November,0.54,4.9453,5.7744,496431594111.91754
01/12/2013,2013,12,December,0.92,5.9108,5.9108,500998764777.74725
01/01/2014,2014,1,January,0.55,0.55,5.5853,503754257984.0249
01/02/2014,2014,2,February,0.69,1.2438,5.6798,507230162364.1146
01/03/2014,2014,3,March,0.92,2.1752,6.1531,511896679857.8645
01/04/2014,2014,4,April,0.67,2.8598,6.2798,515326387612.9122
01/05/2014,2014,5,May,0.46,3.333,6.3751,517696888995.9315
01/06/2014,2014,6,June,0.4,3.7463,6.5236,519767676551.9152
01/07/2014,2014,7,July,0.01,3.7567,6.5023,519819653319.57043
01/08/2014,2014,8,August,0.25,4.0161,6.5129,521119202452.8693
01/09/2014,2014,9,September,0.57,4.609,6.7465,524089581906.8507
01/10/2014,2014,10,October,0.42,5.0483,6.5872,526290758150.8595
01/11/2014,2014,11,November,0.51,5.5841,6.5554,528974841017.42896
01/12/2014,2014,12,December,0.78,6.4076,6.4076,533100844777.3649
01/01/2015,2015,1,January,1.24,1.24,7.1378,539711295252.60425
01/02/2015,2015,2,February,1.22,2.4751,7.7018,546295773054.68604
01/03/2015,2015,3,March,1.32,3.8278,8.1286,553506877259.0079
01/04/2015,2015,4,April,0.71,4.565,8.1716,557436776087.547
01/05/2015,2015,5,May,0.74,5.3388,8.4731,561561808230.5948
01/06/2015,2015,6,June,0.79,6.1709,8.8944,565998146515.6166
01/07/2015,2015,7,July,0.62,6.8292,9.5586,569507335024.0134
01/08/2015,2015,8,August,0.22,7.0642,9.5259,570760251161.0663
01/09/2015,2015,9,September,0.54,7.6424,9.4932,573842356517.336
01/10/2015,2015,10,October,0.82,8.525,9.9293,578547863840.7782
01/11/2015,2015,11,November,1.01,9.6211,10.4762,584391197265.5701
01/12/2015,2015,12,December,0.96,10.6735,10.6735,590001352759.3196
01/01/2016,2016,1,January,1.27,1.27,10.7063,597494369939.3629
01/02/2016,2016,2,February,0.9,2.1814,10.3563,602871819268.8171
01/03/2016,2016,3,March,0.43,2.6208,9.3869,605464168091.673
01/04/2016,2016,4,April,0.61,3.2468,9.2783,609157499517.0322
01/05/2016,2016,5,May,0.78,4.0521,9.3217,613908928013.2651
01/06/2016,2016,6,June,0.35,4.4163,8.8445,616057609261.3116
01/07/2016,2016,7,July,0.52,4.9593,8.7363,619261108829.4706
01/08/2016,2016,8,August,0.44,5.4211,8.975,621985857708.3202
01/09/2016,2016,9,September,0.08,5.5054,8.4764,622483446394.4868
01/10/2016,2016,10,October,0.26,5.7797,7.8739,624101903355.1124
01/11/2016,2016,11,November,0.18,5.9701,6.9875,625225286781.1516
01/12/2016,2016,12,December,0.3,6.2881,6.2881,627100962641.495
01/01/2017,2017,1,January,0.38,0.38,5.354,629483946299.5327
01/02/2017,2017,2,February,0.33,0.7113,4.7588,631561243322.3212
01/03/2017,2017,3,March,0.25,0.963,4.571,633140146430.627
01/04/2017,2017,4,April,0.14,1.1044,4.0825,634026542635.6299
01/05/2017,2017,5,May,0.31,1.4178,3.5971,635992024917.8004
01/06/2017,2017,6,June,-0.23,1.1845,2.9984,634529243260.4895
01/07/2017,2017,7,July,0.24,1.4274,2.7115,636052113444.3147
01/08/2017,2017,8,August,0.19,1.6201,2.4558,637260612459.8589
01/09/2017,2017,9,September,0.16,1.7827,2.5377,638280229439.7947
01/10/2017,2017,10,October,0.42,2.2102,2.7013,640961006403.4418
01/11/2017,2017,11,November,0.28,2.4964,2.8039,642755697221.3713
01/12/2017,2017,12,December,0.44,2.9473,2.9473,645583822289.1454
01/01/2018,2018,1,January,0.29,0.29,2.855,647456015373.7838
01/02/2018,2018,2,February,0.32,0.6109,2.8448,649527874622.98
01/03/2018,2018,3,March,0.09,0.7015,2.6807,650112449710.1406
01/04/2018,2018,4,April,0.22,0.923,2.7627,651542697099.5029
01/05/2018,2018,5,May,0.4,1.3267,2.8549,654148867887.901
01/06/2018,2018,6,June,1.26,2.6034,4.391,662391143623.2886
01/07/2018,2018,7,July,0.33,2.942,4.4847,664577034397.2455
01/08/2018,2018,8,August,-0.09,2.8494,4.1927,663978915066.288
01/09/2018,2018,9,September,0.48,3.3431,4.5256,667166013858.6061
01/10/2018,2018,10,October,0.45,3.8081,4.5568,670168260920.9697
01/11/2018,2018,11,November,-0.21,3.5901,4.0459,668760907573.0356
01/12/2018,2018,12,December,0.15,3.7455,3.7455,669764048934.3953
01/01/2019,2019,1,January,0.32,0.32,3.7765,671907293890.9854
01/02/2019,2019,2,February,0.43,0.7514,3.8903,674796495254.7166
01/03/2019,2019,3,March,0.75,1.507,4.5754,679857468969.127
01/04/2019,2019,4,April,0.57,2.0856,4.9406,683732656542.251
01/05/2019,2019,5,May,0.13,2.2183,4.6584,684621508995.756
01/06/2019,2019,6,June,0.01,2.2285,3.3664,684689971146.6555
01/07/2019,2019,7,July,0.19,2.4228,3.2222,685990882091.8342
01/08/2019,2019,8,August,0.11,2.5354,3.4288,686745472062.1354
01/09/2019,2019,9,September,-0.04,2.4944,2.8935,686470773873.3105
01/10/2019,2019,10,October,0.1,2.5969,2.535,687157244647.1838
01/11/2019,2019,11,November,0.51,3.1202,3.2748,690661746594.8845
01/12/2019,2019,12,December,1.15,4.306,4.306,698604356680.7257
01/01/2020,2020,1,January,0.21,0.21,4.1917,700071425829.7552
01/02/2020,2020,2,February,0.25,0.4605,4.0049,701821604394.3296
01/03/2020,2020,3,March,0.07,0.5308,3.303,702312879517.4055
01/04/2020,2020,4,April,-0.31,0.2192,2.399,700135709590.9016
01/05/2020,2020,5,May,-0.38,-0.1616,1.8775,697475193894.4562
01/06/2020,2020,6,June,0.26,0.0979,2.1322,699288629398.5817
01/07/2020,2020,7,July,0.36,0.4583,2.3055,701806068464.4166
01/08/2020,2020,8,August,0.24,0.6994,2.4383,703490403028.7312
01/09/2020,2020,9,September,0.64,1.3439,3.1352,707992741608.1151
01/10/2020,2020,10,October,0.86,2.2154,3.9182,714081479185.9448
01/11/2020,2020,11,November,0.89,3.1252,4.3111,720436804350.6997
01/12/2020,2020,12,December,1.35,4.5173,4.5173,730162701209.4342
01/01/2021,2021,1,January,0.25,0.25,4.5591,731988107962.4578
01/02/2021,2021,2,February,0.86,1.1121,5.1953,738283205690.9348
01/03/2021,2021,3,March,0.93,2.0525,6.0993,745149239503.8606
01/04/2021,2021,4,April,0.31,2.3689,6.7592,747459202146.3226
01/05/2021,2021,5,May,0.83,3.2185,8.0559,753663113524.1371
01/06/2021,2021,6,June,0.53,3.7656,8.3469,757657528025.8151
01/07/2021,2021,7,July,0.96,4.7617,8.9946,764931040294.8629
01/08/2021,2021,8,August,0.87,5.6732,9.6797,771585940345.4282
01/09/2021,2021,9,September,1.16,6.899,10.2464,780536337253.4352
01/10/2021,2021,10,October,1.25,8.2352,10.6727,790293041469.103
01/11/2021,2021,11,November,0.95,9.2634,10.7385,797800825363.0596
01/12/2021,2021,12,December,0.73,10.0611,10.0611,803624771388.21
01/01/2022,2022,1,January,0.54,0.54,10.3794,807964345153.7063
01/02/2022,2022,2,February,1.01,1.5555,10.5436,816124785039.7588
01/03/2022,2022,3,March,1.62,3.2007,11.2993,829346006557.4028
01/04/2022,2022,4,April,1.06,4.2946,12.1315,838137074226.9113
01/05/2022,2022,5,May,0.47,4.7848,11.7311,842076318475.7777
01/06/2022,2022,6,June,0.67,5.4868,11.8867,847718229809.5653
01/07/2022,2022,7,July,-0.68,4.7695,10.0692,841953745846.8602
01/08/2022,2022,8,August,-0.36,4.3923,8.7271,838922712361.8115
01/09/2022,2022,9,September,-0.29,4.0896,7.1686,836489836495.9623
01/10/2022,2022,10,October,0.59,4.7037,6.47,841425126531.2885
01/11/2022,2022,11,November,0.41,5.133,5.9005,844874969550.0668
01/12/2022,2022,12,December,0.62,5.7848,5.7848,850113194361.2772
01/01/2023,2023,1,January,0.53,0.53,5.7743,854618794291.3921
01/02/2023,2023,2,February,0.84,1.3745,5.5963,861797592163.4397
01/03/2023,2023,3,March,0.71,2.0942,4.6507,867916355067.8002
01/04/2023,2023,4,April,0.61,2.717,4.1847,873210644833.7137
01/05/2023,2023,5,May,0.23,2.9532,3.9358,875219029316.8313
01/06/2023,2023,6,June,-0.08,2.8709,3.1615,874518854093.3778
01/07/2023,2023,7,July,0.12,2.9943,3.9924,875568276718.2899
01/08/2023,2023,8,August,0.23,3.2312,4.6082,877582083754.742
01/09/2023,2023,9,September,0.26,3.4996,5.1852,879863797172.5043
01/10/2023,2023,10,October,0.24,3.748,4.8192,881975470285.7183
01/11/2023,2023,11,November,0.28,4.0385,4.6835,884445001602.5182
01/12/2023,2023,12,December,0.56,4.6211,4.6211,889397893611.4923
01/01/2024,2024,1,January,0.42,0.42,4.5066,893133364764.6605
01/02/2024,2024,2,February,0.83,1.2535,4.4963,900546371692.2072
01/03/2024,2024,3,March,0.16,1.4155,3.9256,901987245886.9147
01/04/2024,2024,4,April,0.38,1.8009,3.688,905414797421.2849
01/05/2024,2024,5,May,0.46,2.2692,3.926,909579705489.4227
01/06/2024,2024,6,June,0.21,2.4839,4.2276,911489822870.9506
01/07/2024,2024,7,July,0.38,2.8734,4.4982,914953484197.8602
01/08/2024,2024,8,August,-0.02,2.8528,4.2376,914770493501.0206
01/09/2024,2024,9,September,0.44,3.3053,4.4247,918795483672.425
01/10/2024,2024,10,October,0.56,3.8838,4.7581,923940738380.9907
01/11/2024,2024,11,November,0.39,4.289,4.873,927544107260.6766
01/12/2024,2024,12,December,0.52,4.8313,4.8313,932367336618.4323
01/01/2025,2025,1,January,0.16,0.16,4.5599,933859124357.0217
01/02/2025,2025,2,February,1.31,1.4721,5.0576,946092678886.0989
01/03/2025,2025,3,March,0.56,2.0403,5.4772,951390797887.8611
01/04/2025,2025,4,April,0.43,2.4791,5.5297,955481778318.7788
01/05/2025,2025,5,May,0.26,2.7456,5.3196,957966030942.4076
01/06/2025,2025,6,June,0.24,2.9921,5.3512,960265149416.6693
01/07/2025,2025,7,July,0.26,3.2599,5.2252,962761838805.1526
01/08/2025,2025,8,August,-0.11,3.1463,5.1305,961702800782.4669
01/09/2025,2025,9,September,0.48,3.6414,5.1724,966318974226.2227
01/10/2025,2025,10,October,0.09,3.7347,4.6808,967188661303.0261
01/11/2025,2025,11,November,0.18,3.9214,4.4618,968929600893.3716
01/12/2025,2025,12,December,0.33,4.2644,4.2644,972127068576.3198
01/01/2026,2026,1,January,0.33,0.33,4.4414,975335087902.6217
01/02/2026,2026,2,February,0.7,1.0323,3.8125,982162433517.94
01/03/2026,2026,3,March,0.88,1.9214,4.1428,990805462932.8977
01/04/2026,2026,4,April,0.67,2.6043,4.3917,997443859534.5481
